,Rk,Team,MP,W,D,L,GF,GA,GD,Pts,Pts/MP,xG_x,xGA,xGD,xGD/90,Attendance,Top Team Scorer,Goalkeeper,Notes,Unnamed: 0,# Pl,Age,Poss,Gls,Ast,G-PK,PK,PKatt,CrdY,CrdR,xG_y,npxG,xAG,npxG+xAG,PrgC,PrgP,Gls_Conceded,Ast_Conceded,G-PK_Conceded,PK_Conceded,PKatt_Conceded,CrdY_Conceded,CrdR_Conceded,xG_Conceded,npxG_Conceded,xAG_Conceded,npxG+xAG_Conceded,PrgC_Conceded,PrgP_Conceded
0,1,Manchester City,38,32,4,2,106,27,79,100,2.63,78.6,23.8,54.8,1.44,"54,070",Sergio Agüero - 21,Ederson,→ Champions League via league finish,10,25,26.4,71.0,103,85,188,97,6,8,,,78.6,72.7,57.9,130.6,1308,25,17,42,25,0,2,77,3,23.8,22.2,16.4,38.7,331
1,2,Manchester Utd,38,25,6,7,68,28,40,81,2.13,55.7,40.7,15.0,0.4,"74,976",Romelu Lukaku - 16,David de Gea,→ Champions League via league finish,11,27,26.7,54.7,67,53,120,66,1,3,,,55.7,53.3,40.5,93.8,920,26,18,44,25,1,1,69,1,40.7,39.9,30.9,70.8,779
2,3,Tottenham,38,23,8,7,74,36,38,77,2.03,64.7,33.9,30.8,0.81,"67,953",Harry Kane - 30,Hugo Lloris,→ Champions League via league finish,16,25,25.8,61.8,70,51,121,68,2,3,,,64.7,62.3,49.0,111.3,862,35,22,57,33,2,3,75,1,33.9,31.5,22.1,53.6,499
3,4,Liverpool,38,21,12,5,84,38,46,75,1.97,72.9,33.8,39.1,1.03,"53,049",Mohamed Salah - 32,"Loris Karius, Simon Mignolet",→ Champions League via league finish,9,27,25.6,60.3,82,58,140,80,2,3,,,72.9,70.6,52.7,123.3,982,38,23,61,34,4,6,50,0,33.8,29.0,21.6,50.6,504
4,5,Chelsea,38,21,7,10,62,38,24,70,1.84,54.4,33.8,20.6,0.54,"41,282",Eden Hazard - 12,Thibaut Courtois,→ Europa League via cup win 1,4,26,26.7,55.6,60,42,102,57,3,3,,,54.4,52.0,41.5,93.5,1045,36,26,62,34,2,2,75,1,33.8,32.2,24.4,56.7,582
5,6,Arsenal,38,19,6,13,74,51,23,63,1.66,68.3,47.8,20.5,0.54,"59,323",Alexandre Lacazette - 14,Petr Čech,→ Europa League via league finish,0,30,26.8,61.4,73,61,134,69,4,5,,,68.3,64.3,53.3,117.6,915,51,38,89,46,5,6,52,4,47.8,43.1,32.9,75.9,637
6,7,Burnley,38,14,12,12,36,39,-3,54,1.42,32.3,51.2,-18.9,-0.5,"20,688",Chris Wood - 10,Nick Pope,→ Europa League via league finish 2,3,24,27.5,43.7,35,26,61,35,0,0,,,32.3,32.3,23.6,55.9,431,38,29,67,35,3,5,45,6,51.2,47.7,38.0,85.8,866
7,8,Everton,38,13,10,15,44,58,-14,49,1.29,40.5,52.4,-11.9,-0.31,"38,797",Wayne Rooney - 10,Jordan Pickford,,6,30,26.7,45.5,42,26,68,37,5,8,,,40.5,34.1,24.7,58.8,477,58,51,109,55,3,5,49,5,52.4,48.7,38.2,86.9,799
8,9,Leicester City,38,12,11,15,56,60,-4,47,1.24,50.0,48.1,1.9,0.05,"31,583",Jamie Vardy - 20,Kasper Schmeichel,,8,27,27.2,48.0,53,38,91,48,5,6,,,50.0,45.3,34.9,80.2,655,58,47,105,56,2,4,52,1,48.1,45.0,36.7,81.7,828
9,10,Newcastle Utd,38,12,8,18,39,47,-8,44,1.16,41.6,52.4,-10.8,-0.28,"51,992",Ayoze Pérez - 8,Rob Elliot,,12,27,25.6,41.7,38,29,67,38,0,1,,,41.6,40.9,32.1,72.9,548,44,32,76,40,4,6,62,0,52.4,47.6,37.4,85.1,685
10,11,Crystal Palace,38,11,11,16,45,55,-10,44,1.16,53.5,48.2,5.2,0.14,"25,063",Luka Milivojević - 10,Wayne Hennessey,,5,28,27.1,45.2,44,26,70,36,8,10,,,53.5,45.9,33.3,79.2,727,53,40,93,51,2,2,72,3,48.2,46.7,36.2,82.8,744
11,12,Bournemouth,38,11,11,16,45,61,-16,44,1.16,38.8,59.2,-20.4,-0.54,"10,641","Joshua King, Callum Wilson - 8",Asmir Begović,,1,22,26.9,48.1,45,36,81,42,3,3,,,38.8,36.4,29.1,65.5,702,60,44,104,58,2,3,73,1,59.2,56.8,43.7,100.5,700
12,13,West Ham,38,10,12,16,48,68,-20,42,1.11,36.7,55.1,-18.4,-0.48,"56,885",Marko Arnautović - 11,"Joe Hart, Adrián",,19,27,28.0,45.2,48,29,77,46,2,4,,,36.7,33.6,24.9,58.4,523,67,48,115,62,5,6,55,1,55.1,50.7,39.1,89.8,857
13,14,Watford,38,11,8,19,44,64,-20,41,1.08,45.0,51.8,-6.8,-0.18,"20,231",Abdoulaye Doucouré - 7,Heurelho Gomes,,17,29,27.9,49.7,42,27,69,39,3,6,,,45.0,40.2,29.2,69.4,647,63,43,106,57,6,6,65,3,51.8,47.2,36.4,83.6,685
14,15,Brighton,38,9,13,16,34,54,-20,40,1.05,37.0,50.8,-13.8,-0.36,"30,403",Glenn Murray - 12,Mathew Ryan,,2,24,27.5,43.7,33,25,58,28,5,7,,,37.0,31.8,26.2,58.0,523,49,36,85,48,1,3,30,2,50.8,48.4,34.1,82.5,829
15,16,Huddersfield,38,9,10,19,28,58,-30,37,0.97,31.3,48.5,-17.2,-0.45,"24,040",Steve Mounié - 7,Jonas Lössl,,7,25,26.4,45.7,25,19,44,23,2,2,,,31.3,29.8,23.7,53.5,627,57,41,98,53,4,6,56,4,48.5,43.8,32.4,76.1,614
16,17,Southampton,38,7,15,16,37,56,-19,36,0.95,39.9,45.2,-5.3,-0.14,"30,794",Charlie Austin - 7,Fraser Forster,,13,26,26.2,51.3,36,23,59,33,3,3,,,39.9,37.6,29.5,67.0,694,56,43,99,55,1,2,51,2,45.2,43.6,33.7,77.3,670
17,18,Swansea City,38,8,9,21,28,56,-28,33,0.87,31.6,58.6,-27.0,-0.71,"20,623",Jordan Ayew - 7,Łukasz Fabiański,Relegated,15,26,27.2,45.3,27,20,47,26,1,1,,,31.6,30.8,20.2,51.0,596,54,37,91,51,3,6,68,0,58.6,53.8,42.1,95.9,765
18,19,Stoke City,38,7,12,19,35,68,-33,33,0.87,36.5,62.5,-26.0,-0.69,"29,280",Xherdan Shaqiri - 8,Jack Butland,Relegated,14,30,27.5,41.4,34,28,62,34,0,3,,,36.5,34.1,27.4,61.4,477,66,49,115,61,5,5,49,0,62.5,58.6,46.3,104.9,889
19,20,West Brom,38,6,13,19,31,56,-25,31,0.82,36.5,47.9,-11.4,-0.3,"24,520","Jay Rodriguez, Salomón Rondón - 7",Ben Foster,Relegated,18,24,29.1,40.7,31,24,55,30,1,1,,,36.5,35.7,25.9,61.6,507,54,44,98,53,1,1,56,1,47.9,47.1,36.8,83.9,903
